repo_name,repo_url,issues_opened,star_count,template?,multiple_templates?,support_channel_count,sync_count,async_count,gh_issues,stack_overflow,mailing_list,gitter,slack,twitter,irc,own_forum,discord,matrix,facebook,reddit,steam,telegram,spectrum,mattermost,rocket_chat,office_hours,google_plus,dedicated_gh_repo,riot,email,paid_support_tier
Microsoft/vscode,https://github.com/Microsoft/vscode,21102,58683,x,x,3,1,2,x,x,,,,x,,,,,,,,,,,,,,,,,
godotengine/godot,https://github.com/godotengine/godot,6399,16500,x,,9,4,5,x,,,,,x,x,x,x,x,x,x,x,,,,,,,,,,
ansible/ansible,https://github.com/ansible/ansible,6235,32367,x,x,4,1,2,x,,x,,,,x,,,,,,,,,,,,,,,,x
MicrosoftDocs/azure-docs,https://github.com/MicrosoftDocs/azure-docs,6191,1237,x,,3,0,2,x,,,,,,,x,,,,,,,,,,,,,,,x
kubernetes/kubernetes,https://github.com/kubernetes/kubernetes,5700,41086,x,,4,1,3,x,x,x,,x,,,,,,,,,,,,,,,,,,
flutter/flutter,https://github.com/flutter/flutter,5630,36713,x,x,4,1,3,x,x,x,x,,,,,,,,,,,,,,,,,,,
cockroachdb/cockroach,https://github.com/cockroachdb/cockroach,5331,14207,x,,4,1,3,x,x,,x,,,,x,,,,,,,,,,,,,,,
Microsoft/TypeScript,https://github.com/Microsoft/TypeScript,5219,38673,x,x,2,0,2,x,x,,,,,,,,,,,,,,,,,,,,,
golang/go,https://github.com/golang/go,5114,46543,x,,6,2,4,x,x,x,,x,,x,x,,,,,,,,,,,,,,,
tensorflow/tensorflow,https://github.com/tensorflow/tensorflow,5088,108971,x,,2,0,2,x,x,,,,,,,,,,,,,,,,,,,,,
doxygen/doxygen,https://github.com/doxygen/doxygen,4976,2082,,,2,0,2,x,,x,,,,,,,,,,,,,,,,,,,,
PaddlePaddle/Paddle,https://github.com/PaddlePaddle/Paddle,4704,7505,x,,1,0,1,x,,,,,,,,,,,,,,,,,,,,,,
rust-lang/rust,https://github.com/rust-lang/rust,4416,30468,,,4,0,4,x,x,,,,,,x,,,,x,,,,,,,,,,,
ElemeFE/element,https://github.com/ElemeFE/element,4360,30520,x,,2,1,1,x,,,x,,,,,,,,,,,,,,,,,,,
rancher/rancher,https://github.com/rancher/rancher,4059,9445,x,,4,2,2,x,,,,x,,x,x,,,,,,,,,,,,,,,
angular/angular,https://github.com/angular/angular,4027,40350,x,,3,1,2,x,x,,x,,,,,,,,,,,,,,,,,,,
dotnet/corefx,https://github.com/dotnet/corefx,3767,14727,,,3,1,2,x,,,x,,,,x,,,,,,,,,,,,,,,
facebook/react-native,https://github.com/facebook/react-native,3749,68380,x,x,2,0,2,x,x,,,,,,,,,,,,,,,,,,,,,
angular/material2,https://github.com/angular/material2,3575,15640,x,,3,1,2,x,x,,x,,,,,,,,,,,,,,,,,,,
dart-lang/sdk,https://github.com/dart-lang/sdk,3497,2401,x,,3,1,2,x,x,,x,,,,,,,,,,,,,,,,,,,
WordPress/gutenberg,https://github.com/WordPress/gutenberg,3447,3223,x,x,3,1,2,x,,,,x,,,x,,,,,,,,,,,,,,,
dotnet/roslyn,https://github.com/dotnet/roslyn,3428,9803,x,,1,0,1,x,,,,,,,,,,,,,,,,,,,,,,
magento/magento2,https://github.com/magento/magento2,3359,6024,x,x,1,0,1,x,,,,,,,,,,,,,,,,,,,,,,
pytorch/pytorch,https://github.com/pytorch/pytorch,3354,18437,x,,2,0,2,x,,,,,,,x,,,,,,,,,,,,,,,
ant-design/ant-design,https://github.com/ant-design/ant-design,3351,33105,x,,2,0,2,x,x,,,,,,,,,,,,,,,,,,,,,
pawelsalawa/sqlitestudio,https://github.com/pawelsalawa/sqlitestudio,3346,240,x,,2,0,2,x,,,,,,,x,,,,,,,,,,,,,,,
openshiftio/openshift.io,https://github.com/openshiftio/openshift.io,3336,72,x,x,3,1,2,x,x,,,,,x,,,,,,,,,,,,,,,,
angular/angular-cli,https://github.com/angular/angular-cli,3333,19451,x,,3,1,2,x,x,,x,,,,,,,,,,,,,,,,,,,
brave/browser-laptop,https://github.com/brave/browser-laptop,3159,8156,x,,3,1,2,x,,,,,,,x,x,,,,,,,,,,,,,,
spring-projects/spring-boot,https://github.com/spring-projects/spring-boot,3112,28599,x,,3,1,2,x,x,,x,,,,,,,,,,,,,,,,,,,
NixOS/nixpkgs,https://github.com/NixOS/nixpkgs,2939,2755,x,,3,1,2,x,,,,,,x,x,,,,,,,,,,,,,,,
tgstation/tgstation,https://github.com/tgstation/tgstation,2933,552,x,x,3,1,2,x,,,,,,x,x,,,,,,,,,,,,,,,
home-assistant/home-assistant,https://github.com/home-assistant/home-assistant,2930,16542,x,x,2,0,2,x,,,,,,,x,,,,,,,,,,,,,,,
EOSIO/eos,https://github.com/EOSIO/eos,2903,9254,,,3,1,2,x,x,,,,,,,,,,,,x,,,,,,,,,
elastic/kibana,https://github.com/elastic/kibana,2821,10040,x,x,2,0,2,x,,,,,,,x,,,,,,,,,,,,,,,
gatsbyjs/gatsby,https://github.com/gatsbyjs/gatsby,2632,25330,x,x,4,3,1,x,,,,,x,,,x,,,,,,x,,,,,,,,
eclipse/che,https://github.com/eclipse/che,2588,5010,x,,3,2,1,x,,,,,,,,,,,,,,,x,,x,,,,,
rg3/youtube-dl,https://github.com/rg3/youtube-dl,2585,41382,x,,2,1,1,x,,,,,,x,,,,,,,,,,,,,,,,
istio/istio,https://github.com/istio/istio,2520,11482,x,x,4,1,3,x,x,x,,,,,,,,,,,,,,x,,,,,,
aspnet/EntityFrameworkCore,https://github.com/aspnet/EntityFrameworkCore,2506,6409,x,,1,0,1,x,,,,,,,,,,,,,,,,,,,,,,
woocommerce/woocommerce,https://github.com/woocommerce/woocommerce,2504,4698,x,x,5,1,3,x,,,,x,,,x,,,x,,,,,,,,,,,,x
grafana/grafana,https://github.com/grafana/grafana,2496,23691,x,,2,0,2,x,,,,,,,x,,,,,,,,,,,,,,,
runelite/runelite,https://github.com/runelite/runelite,2479,1234,x,x,3,2,1,x,,,,,,x,,x,,,,,,,,,,,,,,
elastic/elasticsearch,https://github.com/elastic/elasticsearch,2442,34173,x,,3,1,2,x,,,,,,x,x,,,,,,,,,,,,,,,
pandas-dev/pandas,https://github.com/pandas-dev/pandas,2428,15903,x,,4,1,3,x,x,x,x,,,,,,,,,,,,,,,,,,,
vuetifyjs/vuetify,https://github.com/vuetifyjs/vuetify,2425,13066,x,x,5,1,3,x,x,,,,,,,x,,,x,,,,,,,,,,,x
nodejs/node,https://github.com/nodejs/node,2401,53081,x,x,4,2,2,x,,,x,,,x,,,,,,,,,,,,,x,,,
RocketChat/Rocket.Chat,https://github.com/RocketChat/Rocket.Chat,2378,19735,x,x,4,1,3,x,x,,,,,,x,,,,,,,,,x,,,,,,
frappe/erpnext,https://github.com/frappe/erpnext,2376,3707,,,2,0,2,x,,,,,,,x,,,,,,,,,,,,,,,
arendst/Sonoff-Tasmota,https://github.com/arendst/Sonoff-Tasmota,2366,3838,x,x,3,1,2,x,,x,,,,,,x,,,,,,,,,,,,,,
saltstack/salt,https://github.com/saltstack/salt,2352,9186,x,,5,2,2,x,,x,,x,,x,,,,,,,,,,,,,,,,x
ampproject/amphtml,https://github.com/ampproject/amphtml,2352,11951,x,,2,0,2,x,x,,,,,,,,,,,,,,,,,,,,,
nextcloud/server,https://github.com/nextcloud/server,2341,5226,x,,7,2,4,x,,,,,x,x,x,,,x,,,,,,,,x,,,,x
Automattic/wp-calypso,https://github.com/Automattic/wp-calypso,2317,10420,x,,1,0,1,x,,,,,,,,,,,,,,,,,,,,,,
pojome/elementor,https://github.com/pojome/elementor,2283,1634,x,x,3,0,3,x,,,,,,,x,,,x,,,,,,,,,,,,
electron/electron,https://github.com/electron/electron,2210,64332,x,x,4,2,2,x,,,,x,,x,x,,,,,,,,,,,,,,,
FortAwesome/Font-Awesome,https://github.com/FortAwesome/Font-Awesome,2196,57449,x,x,3,0,3,x,x,,,,,,,,,,,,,,,,,,,,x,
MarlinFirmware/Marlin,https://github.com/MarlinFirmware/Marlin,2164,4236,x,,3,0,3,x,,,,,,,x,,,x,,,,,,,,,,,,
spyder-ide/spyder,https://github.com/spyder-ide/spyder,2154,3485,x,,4,1,3,x,x,x,x,,,,,,,,,,,,,,,,,,,
primefaces/primeng,https://github.com/primefaces/primeng,2150,4492,x,,3,0,2,x,,,,,,,x,,,,,,,,,,,,,,,x
odoo/odoo,https://github.com/odoo/odoo,2150,11023,x,,3,0,2,x,,,,,,,x,,,,,,,,,,,,,,,x
twbs/bootstrap,https://github.com/twbs/bootstrap,2143,127250,x,x,4,2,2,x,x,,,x,,x,,,,,,,,,,,,,,,,
iview/iview,https://github.com/iview/iview,2131,17337,x,,3,1,2,x,x,,x,,,,,,,,,,,,,,,,,,,
Darkosto/SevTech-Ages,https://github.com/Darkosto/SevTech-Ages,2123,114,x,x,1,0,1,x,,,,,,,,,,,,,,,,,,,,,,
JuliaLang/julia,https://github.com/JuliaLang/julia,2123,17165,x,,7,3,4,x,x,,x,x,,x,x,,,,x,,,,,,,,,,,
ionic-team/ionic,https://github.com/ionic-team/ionic,2120,35277,x,x,3,1,2,x,,,,x,,,x,,,,,,,,,,,,,,,
dotnet/coreclr,https://github.com/dotnet/coreclr,2067,9889,,,3,1,2,x,,,x,,,,x,,,,,,,,,,,,,,,
apache/incubator-mxnet,https://github.com/apache/incubator-mxnet,2062,15168,x,,3,0,3,x,,x,,,,,x,,,,,,,,,,,,,,,
status-im/status-react,https://github.com/status-im/status-react,2049,2395,x,,2,0,2,x,,,,,,,,,,,,,,,,,,,,,x,
terraform-providers/terraform-provider-aws,https://github.com/terraform-providers/terraform-provider-aws,2010,1556,x,x,6,2,3,x,x,x,x,,,x,,,,,,,,,,,,,,,,x
hashicorp/terraform,https://github.com/hashicorp/terraform,2000,13388,x,x,5,2,3,x,x,x,x,,,x,,,,,,,,,,,,,,,,
ccxt/ccxt,https://github.com/ccxt/ccxt,1989,8541,x,,1,0,1,x,,,,,,,,,,,,,,,,,,,,,,
OpenLiberty/open-liberty,https://github.com/OpenLiberty/open-liberty,1945,335,x,,3,0,3,x,x,x,,,,,,,,,,,,,,,,,,,,
vector-im/riot-web,https://github.com/vector-im/riot-web,1911,2083,x,,2,1,1,x,,,,,,,,,,,,,,,,,,,,x,,
GoogleChrome/lighthouse,https://github.com/GoogleChrome/lighthouse,1894,14536,x,x,1,0,1,x,,,,,,,,,,,,,,,,,,,,,,
Yoast/wordpress-seo,https://github.com/Yoast/wordpress-seo,1874,975,x,x,3,0,2,x,,,,,,,x,,,,,,,,,,,,,,,x
appium/appium,https://github.com/appium/appium,1854,7817,x,,2,0,2,x,,,,,,,x,,,,,,,,,,,,,,,
joomla/joomla-cms,https://github.com/joomla/joomla-cms,1847,2884,x,x,3,0,3,x,,x,,,,,x,,,,,,,,,,,,,,,
mui-org/material-ui,https://github.com/mui-org/material-ui,1844,40211,x,x,4,2,2,x,x,,x,,x,,,,,,,,,,,,,,,,,
snipe/snipe-it,https://github.com/snipe/snipe-it,1826,2254,x,x,2,1,1,x,,,x,,,,,,,,,,,,,,,,,,,
desktop/desktop,https://github.com/desktop/desktop,1817,5874,x,x,1,0,1,x,,,,,,,,,,,,,,,,,,,,,,
MetaMask/metamask-extension,https://github.com/MetaMask/metamask-extension,1816,2561,x,x,2,0,2,x,,,,,,,,,,,,,,,,,,,,,x,
syndesisio/syndesis,https://github.com/syndesisio/syndesis,1815,62,x,x,2,1,1,x,,,,,,x,,,,,,,,,,,,,,,,
fastlane/fastlane,https://github.com/fastlane/fastlane,1804,23045,x,x,1,0,1,x,,,,,,,,,,,,,,,,,,,,,,
nuxt/nuxt.js,https://github.com/nuxt/nuxt.js,1787,14668,x,,2,0,2,x,,,,,,,x,,,,,,,,,,,,,,,
atom/atom,https://github.com/atom/atom,1767,46268,x,x,3,1,2,x,,,,x,,,x,,,,,,,,,,,,,,,
Baystation12/Baystation12,https://github.com/Baystation12/Baystation12,1765,288,x,,3,1,2,x,,,,,,,x,x,,,,,,,,,,,,,,
vuejs/vue,https://github.com/vuejs/vue,1758,113499,x,,3,1,2,x,,,,,,,x,x,,,,,,,,,,,,,,
moby/moby,https://github.com/moby/moby,1758,50285,x,,4,1,3,x,x,,,x,,,x,,,,,,,,,,,,,,,
Microsoft/vscode-python,https://github.com/Microsoft/vscode-python,1753,781,x,,2,0,2,x,x,,,,,,,,,,,,,,,,,,,,,
laravel/framework,https://github.com/laravel/framework,1751,13777,x,,4,1,3,x,x,,,x,,,x,,,,,,,,,,,,,,,
timgrossmann/InstaPy,https://github.com/timgrossmann/InstaPy,1744,5530,x,,1,0,1,x,,,,,,,,,,,,,,,,,,,,,,
symfony/symfony,https://github.com/symfony/symfony,1735,18528,x,x,5,2,2,x,x,,,x,,x,,,,,,,,,,,,,,,,x
wso2/product-is,https://github.com/wso2/product-is,1702,144,,,4,0,3,x,x,x,,,,,,,,,,,,,,,,,,,,x
GoogleChrome/puppeteer,https://github.com/GoogleChrome/puppeteer,1694,37939,x,,3,1,2,x,x,,,x,,,,,,,,,,,,,,,,,,
tensorflow/models,https://github.com/tensorflow/models,1683,41812,x,,2,0,2,x,x,,,,,,,,,,,,,,,,,,,,,
PowerShell/PowerShell,https://github.com/PowerShell/PowerShell,1680,11287,x,,4,2,2,x,,,x,x,,,x,,,,,,,,,,,,,,,
TrinityCore/TrinityCore,https://github.com/TrinityCore/TrinityCore,1663,4728,x,,2,0,2,x,,,,,,,x,,,,,,,,,,,,,,,
openshift/origin,https://github.com/openshift/origin,1660,5133,x,,4,1,3,x,,x,,,,x,,,,,,,,,,,,,x,,,
zephyrproject-rtos/zephyr,https://github.com/zephyrproject-rtos/zephyr,1653,1208,x,,3,1,2,x,,x,,,,x,,,,,,,,,,,,,,,,